<?xml version="1.0" encoding="UTF-8"?>
<project-private xmlns="http://www.netbeans.org/ns/project-private/1">
    <editor-bookmarks xmlns="http://www.netbeans.org/ns/editor-bookmarks/2" lastBookmarkId="0"/>
    <open-files xmlns="http://www.netbeans.org/ns/projectui-open-files/2">
        <group>
<<<<<<< HEAD
            <file>file:/C:/Users/sofia/OneDrive/ORT/Semestre3/Algoritmos/Obligatorio1/Obligatorio/src/inicio/Main.java</file>
            <file>file:/C:/Users/sofia/OneDrive/ORT/Semestre3/Algoritmos/Obligatorio1/Obligatorio/src/sistemaAutogestion/Sistema.java</file>
            <file>file:/C:/Users/sofia/OneDrive/ORT/Semestre3/Algoritmos/Obligatorio1/Obligatorio/src/clases/Cliente.java</file>
            <file>file:/C:/Users/sofia/OneDrive/ORT/Semestre3/Algoritmos/Obligatorio1/Obligatorio/src/tads/ListaSimple.java</file>
=======
            <file>file:/C:/Users/lucas/Desktop/ORT/Semestre3/Algoritmos/Obligatorio1/Obligatorio1_AED1/Obligatorio1_AED1/Obligatorio/src/clases/Pedido.java</file>
            <file>file:/C:/Users/lucas/Desktop/ORT/Semestre3/Algoritmos/Obligatorio1/Obligatorio1_AED1/Obligatorio1_AED1/Obligatorio/src/tads/ListaSimple.java</file>
            <file>file:/C:/Users/lucas/Desktop/ORT/Semestre3/Algoritmos/Obligatorio1/Obligatorio1_AED1/Obligatorio1_AED1/Obligatorio/src/sistemaAutogestion/Sistema.java</file>
            <file>file:/C:/Users/lucas/Desktop/ORT/Semestre3/Algoritmos/Obligatorio1/Obligatorio1_AED1/Obligatorio1_AED1/Obligatorio/src/clases/Cliente.java</file>
>>>>>>> 77673ebb47368d1d547765f9746a9380dfd8cc65
        </group>
    </open-files>
</project-private>
