<?xml version="1.0" encoding="UTF-8"?>
<project-private xmlns="http://www.netbeans.org/ns/project-private/1">
    <editor-bookmarks xmlns="http://www.netbeans.org/ns/editor-bookmarks/2" lastBookmarkId="0"/>
    <open-files xmlns="http://www.netbeans.org/ns/projectui-open-files/2">
        <group>
            <file>file:/C:/Users/sofia/OneDrive/ORT/Semestre3/Algoritmos/Obligatorio1/Obligatorio/src/inicio/Main.java</file>
            <file>file:/C:/Users/sofia/OneDrive/ORT/Semestre3/Algoritmos/Obligatorio1/Obligatorio/src/sistemaAutogestion/Sistema.java</file>
            <file>file:/C:/Users/sofia/OneDrive/ORT/Semestre3/Algoritmos/Obligatorio1/Obligatorio/src/clases/Cliente.java</file>
            <file>file:/C:/Users/sofia/OneDrive/ORT/Semestre3/Algoritmos/Obligatorio1/Obligatorio/src/tads/ListaSimple.java</file>
        </group>
    </open-files>
</project-private>
